{"cameraMode":{"drawMode":0,"name":"Shaded","section":"Shading Mode"},"sceneLighting":false,"audioPlay":false,"sceneViewState":{"showFog":true,"showMaterialUpdate":false,"showSkybox":false,"showFlares":true,"showImageEffects":true,"showParticleSystems":true,"showVisualEffectGraphs":true,"m_FxEnabled":true},"in2DMode":false,"pivot":{"x":-9.034785270690918,"y":2.482980966567993,"z":5.770768642425537},"rotation":{"x":0.08987618237733841,"y":0.008069280534982682,"z":-0.0007281050784513354,"w":0.9959274530410767},"size":0.7470933198928833,"orthographic":false}