{"cameraMode":{"drawMode":0,"name":"Shaded","section":"Shading Mode"},"sceneLighting":false,"audioPlay":false,"sceneViewState":{"showFog":true,"showMaterialUpdate":false,"showSkybox":false,"showFlares":true,"showImageEffects":true,"showParticleSystems":true,"showVisualEffectGraphs":true,"m_FxEnabled":true},"in2DMode":false,"pivot":{"x":0.12447672337293625,"y":0.0029999911785125734,"z":1.1631027460098267},"rotation":{"x":0.0689447745680809,"y":0.005089924670755863,"z":-0.0003516348951961845,"w":0.9976141452789307},"size":0.6367140412330627,"orthographic":false}