{"cameraMode":{"drawMode":0,"name":"Shaded","section":"Shading Mode"},"sceneLighting":false,"audioPlay":false,"sceneViewState":{"showFog":true,"showMaterialUpdate":false,"showSkybox":false,"showFlares":true,"showImageEffects":true,"showParticleSystems":true,"showVisualEffectGraphs":true,"m_FxEnabled":true},"in2DMode":false,"pivot":{"x":0.04455298185348511,"y":0.3845495581626892,"z":0.20853738486766816},"rotation":{"x":0.1191759705543518,"y":-0.880213737487793,"z":0.34191030263900759,"w":0.3068152964115143},"size":0.6755748987197876,"orthographic":false}