{"cameraMode":{"drawMode":0,"name":"Shaded","section":"Shading Mode"},"sceneLighting":true,"audioPlay":false,"sceneViewState":{"showFog":true,"showMaterialUpdate":false,"showSkybox":true,"showFlares":true,"showImageEffects":true,"showParticleSystems":true,"showVisualEffectGraphs":true,"m_FxEnabled":true},"in2DMode":false,"pivot":{"x":33.79336166381836,"y":6.055544853210449,"z":39.420799255371097},"rotation":{"x":0.28403937816619875,"y":0.47368568181991579,"z":-0.16464552283287049,"w":0.8172544836997986},"size":41.470237731933597,"orthographic":false}