{"cameraMode":{"drawMode":0,"name":"Shaded","section":"Shading Mode"},"sceneLighting":true,"audioPlay":false,"sceneViewState":{"showFog":true,"showMaterialUpdate":false,"showSkybox":true,"showFlares":true,"showImageEffects":true,"showParticleSystems":true,"showVisualEffectGraphs":true,"m_FxEnabled":true},"in2DMode":false,"pivot":{"x":108.37142944335938,"y":28.545961380004884,"z":100.21712493896485},"rotation":{"x":-0.03905428946018219,"y":-0.7268334627151489,"z":0.041478827595710757,"w":-0.6845008134841919},"size":4.182374477386475,"orthographic":false}