{"cameraMode":{"drawMode":0,"name":"Shaded","section":"Shading Mode"},"sceneLighting":true,"audioPlay":false,"sceneViewState":{"showFog":true,"showMaterialUpdate":false,"showSkybox":true,"showFlares":true,"showImageEffects":true,"showParticleSystems":true,"showVisualEffectGraphs":true,"m_FxEnabled":true},"in2DMode":false,"pivot":{"x":-2.5787253379821779,"y":1.8853665590286255,"z":-0.05026412010192871},"rotation":{"x":0.0689447745680809,"y":0.005089924670755863,"z":-0.0003516348951961845,"w":0.9976141452789307},"size":4.601152420043945,"orthographic":false}