{"cameraMode":{"drawMode":0,"name":"Shaded","section":"Shading Mode"},"sceneLighting":true,"audioPlay":false,"sceneViewState":{"showFog":true,"showMaterialUpdate":false,"showSkybox":true,"showFlares":true,"showImageEffects":true,"showParticleSystems":true,"showVisualEffectGraphs":true,"m_FxEnabled":true},"in2DMode":false,"pivot":{"x":0.8935613632202148,"y":0.19837671518325807,"z":0.6340193152427673},"rotation":{"x":0.0844610407948494,"y":0.2935113310813904,"z":-0.026043590158224107,"w":0.9518685936927795},"size":1.3360016345977784,"orthographic":false}